{"topK": 140, "alpha": 0.3903512449078428, "beta": 0.20732319640325897}