{"topK": 1431, "l1_ratio": 0.1059130848473284, "alpha": 0.00029464301780500544, "positive_only": false}