{"topK": 938, "l1_ratio": 0.01627118613873808, "alpha": 0.0017369858435446462, "positive_only": true}