{"norm": -Infinity, "slim_weight": 0.7461150297816002, "p3alpha_weight": 0.14516204075263595}