{"alpha": 4.8289935674057085e-05, "beta": 0.00292568690427574, "normalize_similarity": false, "implicit": true}