{"topK": 1237, "l1_ratio": 0.17378481593300943, "alpha": 0.0002022973974572749, "positive_only": true}