{"n_estimators": 118, "learning_rate": 0.07330468333786229, "reg_alpha": 0.9636080649867602, "reg_lambda": 0.01520998834894588, "max_depth": 5, "max_leaves": 56, "grow_policy": "lossguide", "booster": "gbtree", "objective": "map"}