{"topK": 1248, "l1_ratio": 0.048877778303924216, "alpha": 0.000788577495047335}