{"topK": 1461, "l1_ratio": 0.01426949372590687, "alpha": 0.0009473372387451775}