{"l1_ratio": 0.033657422418087835, "alpha": 0.0005057205459272259, "topK": 628, "positive_only": false}