{"num_factors": 1988, "scaling_items": 0.011002412901798484, "scaling_users": 0.011970466971276433}