{"topK": 16, "alpha": 0.5504798322241172, "beta": 0.20844178237791977, "normalize_similarity": true, "implicit": true}