{"topK": 23, "alpha": 0.6450775847053759, "beta": 0.2836793311976491, "normalize_similarity": false, "implicit": false}