{"topK": 23, "alpha": 0.57910589149787, "beta": 0.32238373870682785, "normalize_similarity": true, "implicit": false}