{"topK": 28, "alpha": 1.0320576301481128, "beta": 0.28454967717217683, "normalize_similarity": true, "implicit": false}