{"topK": 24, "alpha": 0.977633771270326, "beta": 0.11358203060586863, "normalize_similarity": true, "implicit": false}