{"topK": 87, "l1_ratio": 0.9301924847292028, "alpha": 0.000666821526500295, "positive_only": true}