{"topK": 904, "l1_ratio": 0.5318237885172645, "alpha": 0.002704501829257728, "positive_only": true}