{"l1_ratio": 0.417837482635932, "alpha": 0.003713601198551001}