{"alpha": 2.575856253719813, "beta": 0.005573598408819743, "normalize_similarity": true, "implicit": false}