{"l1_ratio": 0.8738611333017512, "alpha": 0.009183485274837781}