{"alpha": 0.5641307833488952, "beta": 0.28146845879960086, "normalize_similarity": true, "implicit": true}