{"topK": 1313, "l1_ratio": 0.015356844390583428, "alpha": 0.0003965891137797777, "positive_only": false}