{"alpha": 3.4165007155459635, "beta": 3.4447168812261095, "normalize_similarity": true, "implicit": false}