{"topK": 17, "alpha": 0.20481399017918037, "beta": 0.15556981201121, "normalize_similarity": true, "implicit": false}