{"topK": 43, "alpha": 0.6092627517273463, "beta": 0.28089858149459224, "normalize_similarity": true, "implicit": false}