{"topK": 948, "l1_ratio": 0.49164352055083854, "alpha": 0.0009064027754653966, "positive_only": false}