{"alpha": 3.2316146733278655, "beta": 0.0016249503560056442, "normalize_similarity": true, "implicit": false}