{"num_factors": 1996, "scaling_items": 0.01011292858061108, "scaling_users": 0.0736100575551587}