{"num_factors": 1522, "scaling_items": 0.2780136672599498, "scaling_users": 0.0465564572928155}