{"num_factors": 1058, "scaling_items": 0.011358252879745574, "scaling_users": 0.06848055117020743}