{"topK": 1468, "l1_ratio": 0.23369103056818588, "alpha": 0.00019197240515809089, "positive_only": false}