{"alpha": 0.00017747105253825002, "beta": 0.0023931601101036017, "normalize_similarity": false, "implicit": true}