{"factors": 405, "regularization": 0.01471223031246778, "iterations": 416, "alpha": 18.398914241452104}