{"n_estimators": 397, "learning_rate": 0.017380904782069412, "reg_alpha": 0.3038005533937369, "reg_lambda": 0.05862146909129511, "max_depth": 5, "max_leaves": 106, "grow_policy": "lossguide", "booster": "gbtree", "objective": "map"}