{"alpha": 0.003656254113208832, "beta": 0.0001569349213144111, "normalize_similarity": false, "implicit": true}