{"norm": 2, "itemknn_weight": 0.050196859379022365, "slim_weight": 0.913619713884121, "rp3beta_weight": 0.13200495195196793}