{"norm": Infinity, "itemknn_weight": 0.06183031016793709, "slim_weight": 0.7727214630266964, "rp3beta_weight": 0.017685905511082133, "p3alpha_weight": 0.0660596188145578, "puresvditem_weight": 0.055722543756330026, "fasterials_weight": 0.2887266010947649, "itemhybridknn_weight": 0.4773572595883886}