{"topK": 134, "alpha": 0.495855309381558, "beta": 0.23643852592867176}