{"l1_ratio": 0.2945393285144721, "alpha": 0.0005170684754966809}