{"l1_ratio": 0.15105747591231286, "alpha": 0.0014871971275214311}