{"topK": 858, "l1_ratio": 0.9234089928622375, "alpha": 0.0009680725498908897, "positive_only": false}