{"topK": 10, "epochs": 29, "lambda_i": 0.09900111245281501, "lambda_j": 1.234691796411495e-05, "learning_rate": 0.08668948504743702}