{"factors": 426, "regularization": 0.016238300350329752, "iterations": 170, "alpha": 31.102211839645342}