{"norm": 2, "itemknn_weight": 0.017299620849617694, "slim_weight": 0.9748612647441139, "rp3beta_weight": 0.6443092162022601}