{"topK": 1270, "l1_ratio": 0.012827452732629281, "alpha": 0.0015361587095861604}