{"topK": 988, "l1_ratio": 0.24938394576326134, "alpha": 0.0009814452135270908, "positive_only": false}