{"norm": 2, "itemknn_weight": 0.14764146476671322, "slim_weight": 0.9888439113534109, "rp3beta_weight": 0.6723675826025292}