{"topK": 1161, "l1_ratio": 0.01507232166475905, "alpha": 0.0025132401313753823}