{"topK": 789, "l1_ratio": 0.9160107713913599, "alpha": 0.0009577441272301509, "positive_only": true}