{"norm": -Infinity, "itemknn_weight": 0.07597305000217477, "slim_weight": 0.7740825395544235, "rp3beta_weight": 0.12494359026821118}