{"topK": 9, "alpha": 0.34157046881880787, "beta": 0.3083563477321993, "normalize_similarity": true, "implicit": false}