{"topK": 59, "alpha": 0.40620926566615306, "beta": 0.2907447015245879, "normalize_similarity": true, "implicit": true}