{"topK": 107, "alpha": 0.23215725154025924, "beta": 0.14491843369835902, "normalize_similarity": true, "implicit": true}