{"topK": 1499, "alpha": 0.6232765168203701, "beta": 0.43562561397413896, "normalize_similarity": true, "implicit": false}