{"topK": 116, "alpha": 0.46625653867903544, "beta": 0.22464863370697621}