{"topK": 72, "alpha": 0.3304167572370963, "beta": 0.2579314074665905, "normalize_similarity": true, "implicit": true}