{"similarity": "tversky", "topK": 11, "shrink": 30, "feature_weighting": "none", "tversky_alpha": 0.06322371949045463, "tversky_beta": 1.827729234583476}