{"similarity": "tversky", "topK": 12, "shrink": 15, "feature_weighting": "none", "tversky_alpha": 0.103876990722998, "tversky_beta": 1.9105067360322991}