{"topK": 94, "alpha": 0.4493407399488584, "beta": 0.21951838908602272}