{"norm": 2, "itemknn_weight": 0.12905513976149002, "slim_weight": 0.9348872388832069, "rp3beta_weight": 0.24359971388690335, "p3alpha_weight": 0.6391252352349037, "puresvditem_weight": 0.20700366646946206, "fasterials_weight": 0.25969686267242387, "itemhybridknn_weight": 0.6229289445033221}