{"topK": 15, "epochs": 49, "lambda_i": 0.027017165211977178, "lambda_j": 0.002628902851498056, "learning_rate": 0.09646320865803477}