{"topK": 48, "epochs": 48, "lambda_i": 4.501902294751744e-05, "lambda_j": 0.033796914839612925, "learning_rate": 0.0031929654934849884}