{"topK": 12, "epochs": 44, "lambda_i": 0.044831371509862585, "lambda_j": 0.0024480685022516715, "learning_rate": 0.09908477965723278}