{"topK": 5, "epochs": 42, "lambda_i": 0.00789508840047421, "lambda_j": 0.0013443219746281782, "learning_rate": 0.08354396342758996}