{"n_estimators": 139, "learning_rate": 0.12507141866373314, "reg_alpha": 0.0015893947981112523, "reg_lambda": 0.0030493803564789553, "max_depth": 4, "max_leaves": 123, "grow_policy": "lossguide", "booster": "dart", "objective": "map"}