{"norm": -Infinity, "itemknn_weight": 0.742465418064317, "slim_weight": 0.17674285248097676, "rp3beta_weight": 0.07533058222365796}