{"factors": 200, "regularization": 0.0001119283680127742, "iterations": 374, "alpha": 9.18902909776364}