{"factors": 179, "regularization": 0.0008114674022358955, "iterations": 170, "alpha": 1.3514296460311044}