{"topK": 1135, "l1_ratio": 0.08530654372422253, "alpha": 0.0008659020668334156, "positive_only": true}