{"booster": "gbtree", "grow_policy": "depthwise", "learning_rate": 0.0011926349158872076, "max_depth": 12, "max_leaves": 8, "n_estimators": 484, "objective": "map", "reg_alpha": 0.0007586902841498234, "reg_lambda": 0.0025488725934985335}