{"n_estimators": 425, "learning_rate": 0.03501522558105315, "reg_alpha": 0.3022280035374722, "reg_lambda": 0.23644808131526268, "max_depth": 4, "max_leaves": 42, "grow_policy": "lossguide", "booster": "gbtree", "objective": "map"}