{"topK": 560, "l1_ratio": 0.14140202028101123, "alpha": 0.0003547888251777563, "positive_only": false}