{"l1_ratio": 0.0038888937098134247, "alpha": 0.0037675677082463295}