{"topK": 1317, "l1_ratio": 0.1777455237862894, "alpha": 0.00019445205585901955, "positive_only": true}