{"topK": 1069, "l1_ratio": 0.20208639595033737, "alpha": 0.00014127204649761876, "positive_only": true}