{"topK": 868, "l1_ratio": 0.08140613164437686, "alpha": 0.00026303487244196274, "positive_only": true}