{"topK": 1175, "l1_ratio": 0.1673041961676735, "alpha": 0.0001802206495940897, "positive_only": true}