{"topK": 872, "l1_ratio": 0.18201312687704865, "alpha": 0.001679973921756126, "positive_only": false}