{"topK": 1333, "l1_ratio": 0.16306873503421246, "alpha": 0.008315578853110467, "positive_only": false}